<?xml version="1.0" encoding="UTF-8"?>
<folder exportedWithPermissions="true">
    <parent>/Jira</parent>
    <name>Input_Controls</name>
    <label>Input Controls</label>
    <description></description>
    <creationDate>2017-08-24T07:07:54.733-07:00</creationDate>
    <updateDate>2017-08-23T19:21:39.357-07:00</updateDate>
    <resource>Dependency</resource>
    <resource>Priority</resource>
    <resource>State</resource>
    <resource>TicketNumber</resource>
    <resource>TicketStatus</resource>
</folder>
