<?xml version="1.0" encoding="UTF-8"?>
<inputControl exportedWithPermissions="true">
    <folder>/Jira/Input_Controls</folder>
    <name>Priority</name>
    <version>4</version>
    <label>Priority</label>
    <description></description>
    <creationDate>2017-08-24T07:07:55.628-07:00</creationDate>
    <updateDate>2017-08-24T07:52:56.171-07:00</updateDate>
    <type>4</type>
    <mandatory>false</mandatory>
    <readOnly>false</readOnly>
    <visible>true</visible>
    <query>
        <localResource
            xmlns:xsi="http://www.w3.org/2001/XMLSchema-instance"
            exportedWithPermissions="false" xsi:type="query">
            <folder>/Jira/Input_Controls/Priority_files</folder>
            <name>priority</name>
            <version>2</version>
            <label>priority</label>
            <description></description>
            <creationDate>2017-08-24T07:07:55.628-07:00</creationDate>
            <updateDate>2017-08-23T19:38:46.358-07:00</updateDate>
            <language>sql</language>
            <queryString> select PriorityName from (
  select distinct "PriorityName" as PriorityName ,"PrioritySort" as PrioritySort  from jira.priorityreference 
  order by "PrioritySort") as innerQuery</queryString>
            <dataSource>
                <uri>/Jira/Data_Sources/JiraDB</uri>
            </dataSource>
        </localResource>
    </query>
    <queryVisibleColumn>PriorityName</queryVisibleColumn>
    <queryValueColumn>PriorityName</queryValueColumn>
</inputControl>
