<?xml version="1.0" encoding="UTF-8"?>
<inputControl exportedWithPermissions="true">
    <folder>/Jira/Input_Controls</folder>
    <name>SortOrder</name>
    <version>0</version>
    <label>SortOrder</label>
    <description></description>
    <creationDate>2017-08-24T19:08:40.275-07:00</creationDate>
    <updateDate>2017-08-24T19:08:40.275-07:00</updateDate>
    <type>3</type>
    <mandatory>false</mandatory>
    <readOnly>false</readOnly>
    <visible>true</visible>
    <listOfValues>
        <localResource
            xmlns:xsi="http://www.w3.org/2001/XMLSchema-instance"
            exportedWithPermissions="false" xsi:type="listOfValues">
            <folder>/Jira/Input_Controls/SortOrder_files</folder>
            <name>SortOrder</name>
            <version>0</version>
            <label>SortOrder</label>
            <description></description>
            <creationDate>2017-08-24T19:08:40.275-07:00</creationDate>
            <updateDate>2017-08-24T19:08:40.275-07:00</updateDate>
            <item>
                <itemLabel>Ascending</itemLabel>
                <itemValue xmlns:java="http://java.sun.com" xsi:type="java:java.lang.String">asc</itemValue>
            </item>
            <item>
                <itemLabel>Descending</itemLabel>
                <itemValue xmlns:java="http://java.sun.com" xsi:type="java:java.lang.String">desc</itemValue>
            </item>
        </localResource>
    </listOfValues>
</inputControl>
