<?xml version="1.0" encoding="UTF-8"?>
<inputControl exportedWithPermissions="true">
    <folder>/Jira/Input_Controls</folder>
    <name>Lp_Ticket_Status</name>
    <version>2</version>
    <label>Ticket Status</label>
    <description></description>
    <creationDate>2017-11-09T16:58:18.094-07:00</creationDate>
    <updateDate>2017-11-09T17:13:28.818-07:00</updateDate>
    <type>4</type>
    <mandatory>false</mandatory>
    <readOnly>false</readOnly>
    <visible>true</visible>
    <query>
        <localResource
            xmlns:xsi="http://www.w3.org/2001/XMLSchema-instance"
            exportedWithPermissions="false" xsi:type="query">
            <folder>/Jira/Input_Controls/Lp_Ticket_Status_files</folder>
            <name>TStatus</name>
            <version>0</version>
            <label>TStatus</label>
            <description></description>
            <creationDate>2017-11-09T16:58:18.094-07:00</creationDate>
            <updateDate>2017-11-09T16:58:18.094-07:00</updateDate>
            <language>sql</language>
            <queryString>select  
distinct 
issues-&gt;'fields'-&gt;'status'-&gt;&gt;'name' as TicketStatus
from "jira".jiraprojectstatus A,
 jsonb_array_elements(A."jsonData"-&gt;'issues') issues
where "isActive"='1' 
</queryString>
            <dataSource>
                <uri>/Jira/Data_Sources/JiraDB</uri>
            </dataSource>
        </localResource>
    </query>
    <queryVisibleColumn>TicketStatus</queryVisibleColumn>
    <queryValueColumn>TicketStatus</queryValueColumn>
</inputControl>
