<?xml version="1.0" encoding="UTF-8"?>
<inputControl exportedWithPermissions="true">
    <folder>/Jira/Input_Controls</folder>
    <name>Status</name>
    <version>4</version>
    <label>Parent Ticket Status</label>
    <creationDate>2017-10-29T22:16:31.382-07:00</creationDate>
    <updateDate>2017-11-12T14:41:02.686-07:00</updateDate>
    <type>7</type>
    <mandatory>false</mandatory>
    <readOnly>false</readOnly>
    <visible>true</visible>
    <query>
        <localResource
            xmlns:xsi="http://www.w3.org/2001/XMLSchema-instance"
            exportedWithPermissions="false" xsi:type="query">
            <folder>/Jira/Input_Controls/Status_files</folder>
            <name>Status</name>
            <version>1</version>
            <label>Status</label>
            <creationDate>2017-11-12T14:41:02.686-07:00</creationDate>
            <updateDate>2017-11-12T14:41:02.686-07:00</updateDate>
            <language>sql</language>
            <queryString>select distinct 
issues-&gt;'fields'-&gt;'status'-&gt;&gt;'name' as Status
from "jira".jiraprojectstatus A,
 jsonb_array_elements(A."jsonData"-&gt;'issues') issues
where "isActive"='1'</queryString>
            <dataSource>
                <uri>/Jira/Data_Sources/JiraDB</uri>
            </dataSource>
        </localResource>
    </query>
    <queryVisibleColumn>Status</queryVisibleColumn>
    <queryValueColumn>Status</queryValueColumn>
</inputControl>
