<?xml version="1.0" encoding="UTF-8"?>
<inputControl exportedWithPermissions="true">
    <folder>/Jira/Input_Controls</folder>
    <name>TicketStatus</name>
    <version>1</version>
    <label>Child Ticket Status</label>
    <description></description>
    <creationDate>2017-09-05T00:04:00.724-07:00</creationDate>
    <updateDate>2017-11-01T14:24:32.442-07:00</updateDate>
    <type>7</type>
    <mandatory>false</mandatory>
    <readOnly>false</readOnly>
    <visible>true</visible>
    <query>
        <localResource
            xmlns:xsi="http://www.w3.org/2001/XMLSchema-instance"
            exportedWithPermissions="false" xsi:type="query">
            <folder>/Jira/Input_Controls/TicketStatus_files</folder>
            <name>TicketStatus</name>
            <version>1</version>
            <label>TicketStatus</label>
            <description></description>
            <creationDate>2017-09-05T00:04:00.724-07:00</creationDate>
            <updateDate>2017-08-24T13:16:10.285-07:00</updateDate>
            <language>sql</language>
            <queryString>select distinct innerQuery.Status as Status from (
select distinct 
issueLinks-&gt;'outwardIssue'-&gt;'fields'-&gt;'status'-&gt;&gt;'name' as Status
from "jira".jiraprojectstatus A,
 jsonb_array_elements(A."jsonData"-&gt;'issues') issues,
 jsonb_array_elements(issues-&gt;'fields'-&gt;'issuelinks') issueLinks
where "isActive"='1'  

union all 

select distinct 
issueLinks-&gt;'inwardIssue'-&gt;'fields'-&gt;'status'-&gt;&gt;'name' as Status
from "jira".jiraprojectstatus A,
 jsonb_array_elements(A."jsonData"-&gt;'issues') issues,
 jsonb_array_elements(issues-&gt;'fields'-&gt;'issuelinks') issueLinks
where "isActive"='1') as innerQuery
where innerQuery.Status is not null
order by innerQuery.Status</queryString>
            <dataSource>
                <uri>/Jira/Data_Sources/JiraDB</uri>
            </dataSource>
        </localResource>
    </query>
    <queryVisibleColumn>Status</queryVisibleColumn>
    <queryValueColumn>Status</queryValueColumn>
</inputControl>
