<?xml version="1.0" encoding="UTF-8"?>
<jdbcDataSource exportedWithPermissions="true">
    <folder>/Jira/Data_Sources</folder>
    <name>JiraDB</name>
    <version>1</version>
    <label>JiraDB</label>
    <creationDate>2017-08-24T07:07:54.955-07:00</creationDate>
    <updateDate>2017-08-24T07:08:35.906-07:00</updateDate>
    <driver>org.postgresql.Driver</driver>
    <connectionUrl>jdbc:postgresql://localhost:5433/JiraDB</connectionUrl>
    <connectionUser>postgres</connectionUser>
    <connectionPassword>ENC&lt;BF2921051C3CD2CDA329C95300A474DC&gt;</connectionPassword>
    <timezone></timezone>
</jdbcDataSource>
