<?xml version="1.0" encoding="UTF-8"?>
<inputControl exportedWithPermissions="true">
    <folder>/Jira/Input_Controls</folder>
    <name>State</name>
    <version>0</version>
    <label>State</label>
    <description></description>
    <creationDate>2017-09-05T00:04:00.526-07:00</creationDate>
    <updateDate>2017-08-23T20:40:34.813-07:00</updateDate>
    <type>7</type>
    <mandatory>false</mandatory>
    <readOnly>false</readOnly>
    <visible>true</visible>
    <query>
        <localResource
            xmlns:xsi="http://www.w3.org/2001/XMLSchema-instance"
            exportedWithPermissions="false" xsi:type="query">
            <folder>/Jira/Input_Controls/State_files</folder>
            <name>state</name>
            <version>0</version>
            <label>State</label>
            <description></description>
            <creationDate>2017-09-05T00:04:00.526-07:00</creationDate>
            <updateDate>2017-08-23T19:33:08.219-07:00</updateDate>
            <language>sql</language>
            <queryString> select distinct "State" from jira.jiraprojectstatus
 order by "State"</queryString>
            <dataSource>
                <uri>/Jira/Data_Sources/JiraDB</uri>
            </dataSource>
        </localResource>
    </query>
    <queryVisibleColumn>State</queryVisibleColumn>
    <queryValueColumn>State</queryValueColumn>
</inputControl>
