<?xml version="1.0" encoding="UTF-8"?>
<jdbcDataSource exportedWithPermissions="true">
    <folder>/Jira/Data_Sources</folder>
    <name>JiraDB</name>
    <version>1</version>
    <label>JiraDB</label>
    <creationDate>2017-09-05T00:03:59.600-07:00</creationDate>
    <updateDate>2017-09-05T00:04:40.908-07:00</updateDate>
    <driver>org.postgresql.Driver</driver>
    <connectionUrl>jdbc:postgresql://localhost:5432/JiraDB</connectionUrl>
    <connectionUser>jira</connectionUser>
    <connectionPassword>ENC&lt;3562DC43327970FFA34F1ACA9EF6C5BC&gt;</connectionPassword>
    <timezone></timezone>
</jdbcDataSource>
