<?xml version="1.0" encoding="UTF-8"?>
<inputControl exportedWithPermissions="true">
    <folder>/Jira/Input_Controls</folder>
    <name>Dependency</name>
    <version>0</version>
    <label>Dependency</label>
    <description></description>
    <creationDate>2017-08-24T07:07:55.148-07:00</creationDate>
    <updateDate>2017-08-23T20:22:49.131-07:00</updateDate>
    <type>6</type>
    <mandatory>false</mandatory>
    <readOnly>false</readOnly>
    <visible>true</visible>
    <listOfValues>
        <localResource
            xmlns:xsi="http://www.w3.org/2001/XMLSchema-instance"
            exportedWithPermissions="false" xsi:type="listOfValues">
            <folder>/Jira/Input_Controls/Dependency_files</folder>
            <name>Dependency</name>
            <version>0</version>
            <label>Dependency</label>
            <description></description>
            <creationDate>2017-08-24T07:07:55.148-07:00</creationDate>
            <updateDate>2017-08-23T20:22:49.131-07:00</updateDate>
            <item>
                <itemLabel>DependsOn</itemLabel>
                <itemValue xmlns:java="http://java.sun.com" xsi:type="java:java.lang.String">DependsOn</itemValue>
            </item>
            <item>
                <itemLabel>DependsUponBy</itemLabel>
                <itemValue xmlns:java="http://java.sun.com" xsi:type="java:java.lang.String">DependsUponBy</itemValue>
            </item>
        </localResource>
    </listOfValues>
</inputControl>
