<?xml version="1.0" encoding="UTF-8"?>
<inputControl exportedWithPermissions="true">
    <folder>/Jira/Input_Controls</folder>
    <name>TicketNumber</name>
    <version>0</version>
    <label>TicketNumber</label>
    <description></description>
    <creationDate>2017-08-24T07:07:55.963-07:00</creationDate>
    <updateDate>2017-08-23T23:28:41.917-07:00</updateDate>
    <type>7</type>
    <mandatory>false</mandatory>
    <readOnly>false</readOnly>
    <visible>true</visible>
    <query>
        <localResource
            xmlns:xsi="http://www.w3.org/2001/XMLSchema-instance"
            exportedWithPermissions="false" xsi:type="query">
            <folder>/Jira/Input_Controls/TicketNumber_files</folder>
            <name>TicketNumber</name>
            <version>0</version>
            <label>TicketNumber</label>
            <description></description>
            <creationDate>2017-08-24T07:07:55.963-07:00</creationDate>
            <updateDate>2017-08-23T23:28:41.917-07:00</updateDate>
            <language>sql</language>
            <queryString>select distinct 
issues-&gt;&gt;'key' as TicketNumber
from "jira".jiraprojectstatus A,
 jsonb_array_elements(A."jsonData"-&gt;'issues') issues
 order by TicketNumber</queryString>
            <dataSource>
                <uri>/Jira/Data_Sources/JiraDB</uri>
            </dataSource>
        </localResource>
    </query>
    <queryVisibleColumn>TicketNumber</queryVisibleColumn>
    <queryValueColumn>TicketNumber</queryValueColumn>
</inputControl>
