<?xml version="1.0" encoding="UTF-8"?>
<folder exportedWithPermissions="true">
    <parent>/</parent>
    <name>Jira</name>
    <label>Jira</label>
    <description></description>
    <creationDate>2017-09-05T00:03:58.925-07:00</creationDate>
    <updateDate>2017-08-23T19:20:47.312-07:00</updateDate>
    <folder>Dashboards</folder>
    <folder>Data_Sources</folder>
    <folder>Input_Controls</folder>
    <folder>Reports</folder>
    <folder>StateReports</folder>
    <permission>
        <permissionMask>2</permissionMask>
        <recipient recipientType="role">ROLE_JIRA</recipient>
    </permission>
</folder>
