<?xml version="1.0" encoding="UTF-8"?>
<dashboardModelResource exportedWithPermissions="true">
    <folder>/Jira/Dashboards</folder>
    <name>Jira_Dashboard</name>
    <version>8</version>
    <label>Jira Dashboard</label>
    <creationDate>2017-08-24T10:11:38.299-07:00</creationDate>
    <updateDate>2017-08-24T16:00:28.518-07:00</updateDate>
    <defaultFoundation>default</defaultFoundation>
    <foundation>
        <id>default</id>
        <layout>layout</layout>
        <wiring>wiring</wiring>
        <components>components</components>
    </foundation>
    <resourceDescriptor>
        <type>wiring</type>
        <id>wiring</id>
    </resourceDescriptor>
    <resourceDescriptor>
        <type>layout</type>
        <id>layout</id>
    </resourceDescriptor>
    <resourceDescriptor>
        <type>components</type>
        <id>components</id>
    </resourceDescriptor>
    <resourceDescriptor>
        <type>reportUnit</type>
        <id>/Jira/Reports/JiraLandingPage</id>
    </resourceDescriptor>
    <resourceDescriptor>
        <type>inputControl</type>
        <id>/Jira/Input_Controls/Priority</id>
    </resourceDescriptor>
    <resource>
        <localResource
            xmlns:xsi="http://www.w3.org/2001/XMLSchema-instance"
            exportedWithPermissions="false" dataFile="wiring.data" xsi:type="fileResource">
            <folder>/Jira/Dashboards/Jira_Dashboard_files</folder>
            <name>wiring</name>
            <version>1</version>
            <label>wiring</label>
            <creationDate>2017-08-24T16:00:28.518-07:00</creationDate>
            <updateDate>2017-08-24T16:00:28.518-07:00</updateDate>
            <fileType>json</fileType>
        </localResource>
    </resource>
    <resource>
        <localResource
            xmlns:xsi="http://www.w3.org/2001/XMLSchema-instance"
            exportedWithPermissions="false" dataFile="layout" xsi:type="contentResource">
            <folder>/Jira/Dashboards/Jira_Dashboard_files</folder>
            <name>layout</name>
            <version>1</version>
            <label>layout</label>
            <creationDate>2017-08-24T16:00:28.518-07:00</creationDate>
            <updateDate>2017-08-24T16:00:28.518-07:00</updateDate>
            <fileType>html</fileType>
        </localResource>
    </resource>
    <resource>
        <localResource
            xmlns:xsi="http://www.w3.org/2001/XMLSchema-instance"
            exportedWithPermissions="false" dataFile="components.data" xsi:type="fileResource">
            <folder>/Jira/Dashboards/Jira_Dashboard_files</folder>
            <name>components</name>
            <version>1</version>
            <label>components</label>
            <creationDate>2017-08-24T16:00:28.518-07:00</creationDate>
            <updateDate>2017-08-24T16:00:28.518-07:00</updateDate>
            <fileType>dashboardComponent</fileType>
        </localResource>
    </resource>
    <resource>
        <uri>/Jira/Reports/JiraLandingPage</uri>
    </resource>
    <resource>
        <uri>/Jira/Input_Controls/Priority</uri>
    </resource>
</dashboardModelResource>
