<?xml version="1.0" encoding="UTF-8"?>
<reportUnit exportedWithPermissions="true">
    <folder>/Jira/StateReports</folder>
    <name>Detail_Issue_Analysis</name>
    <version>4</version>
    <label>2. Jira Detail Issue Analysis on State HD Boards</label>
    <description></description>
    <creationDate>2017-11-09T17:37:56.151-07:00</creationDate>
    <updateDate>2017-11-12T15:30:48.179-07:00</updateDate>
    <mainReport>
        <localResource
            xmlns:xsi="http://www.w3.org/2001/XMLSchema-instance"
            exportedWithPermissions="false" dataFile="main_jrxml.data" xsi:type="fileResource">
            <folder>/Jira/StateReports/Detail_Issue_Analysis_files</folder>
            <name>main_jrxml</name>
            <version>5</version>
            <label>Main jrxml</label>
            <creationDate>2017-11-12T14:41:01.409-07:00</creationDate>
            <updateDate>2017-11-12T15:30:48.003-07:00</updateDate>
            <fileType>jrxml</fileType>
        </localResource>
    </mainReport>
    <dataSource>
        <uri>/Jira/Data_Sources/JiraDB</uri>
    </dataSource>
    <inputControl>
        <uri>/Jira/Input_Controls/Priority</uri>
    </inputControl>
    <inputControl>
        <uri>/Jira/Input_Controls/State</uri>
    </inputControl>
    <inputControl>
        <uri>/Jira/Input_Controls/TicketNumber</uri>
    </inputControl>
    <inputControl>
        <uri>/Jira/Input_Controls/Status</uri>
    </inputControl>
    <inputControl>
        <uri>/Jira/Input_Controls/SortOrder</uri>
    </inputControl>
    <inputControlRenderingView></inputControlRenderingView>
    <alwaysPromptControls>true</alwaysPromptControls>
    <controlsLayout>4</controlsLayout>
</reportUnit>
