<?xml version="1.0" encoding="UTF-8"?>
<reportUnit exportedWithPermissions="true">
    <folder>/Jira/StateReports</folder>
    <name>StateLanding_Report</name>
    <version>4</version>
    <label>1. Jira Landing Page Report for State HD Boards</label>
    <description></description>
    <creationDate>2017-11-09T17:06:34.680-07:00</creationDate>
    <updateDate>2017-11-12T15:34:05.211-07:00</updateDate>
    <mainReport>
        <localResource
            xmlns:xsi="http://www.w3.org/2001/XMLSchema-instance"
            exportedWithPermissions="false" dataFile="main_jrxml.data" xsi:type="fileResource">
            <folder>/Jira/StateReports/StateLanding_Report_files</folder>
            <name>main_jrxml</name>
            <version>6</version>
            <label>Main jrxml</label>
            <creationDate>2017-11-09T17:06:34.680-07:00</creationDate>
            <updateDate>2017-11-12T15:34:05.080-07:00</updateDate>
            <fileType>jrxml</fileType>
        </localResource>
    </mainReport>
    <dataSource>
        <uri>/Jira/Data_Sources/JiraDB</uri>
    </dataSource>
    <inputControl>
        <uri>/Jira/Input_Controls/Priority</uri>
    </inputControl>
    <inputControl>
        <uri>/Jira/Input_Controls/Lp_Ticket_Status</uri>
    </inputControl>
    <inputControlRenderingView></inputControlRenderingView>
    <alwaysPromptControls>true</alwaysPromptControls>
    <controlsLayout>4</controlsLayout>
</reportUnit>
